{
  "project_info": {
    "project_number": "928635830053",
    "firebase_url": "https://instagram-cloning-6e249-default-rtdb.firebaseio.com",
    "project_id": "instagram-cloning-6e249",
    "storage_bucket": "instagram-cloning-6e249.appspot.com"
  },
  "client": [
    {
      "client_info": {
        "mobilesdk_app_id": "1:928635830053:android:1fd1c2ec3d998a7a5d24cc",
        "android_client_info": {
          "package_name": "com.example.instaclone"
        }
      },
      "oauth_client": [],
      "api_key": [
        {
          "current_key": "AIzaSyBleRbExa3bpLOSVZRNkUm951fg4sxTjdE"
        }
      ],
      "services": {
        "appinvite_service": {
          "other_platform_oauth_client": []
        }
      }
    }
  ],
  "configuration_version": "1"
}